{"gbDKuQgUx702LNS95RyMNg==":"mbr-1.jpg","04sx91A9OFPVfnHsr0CBug==":"mbr-2.jpg","vx1HCfMmqDU+s7Eui2JRdg==":"mbr-3.jpg","KZ9bLk9AH2ZsJ75m1vIHgA==":"mbr.png","Y3vQ9NrQmNgUekrM4H/8nA==":"mbr-3.jpeg","4jMTBEKvtHt4yLp64yJ7rQ==":"mbr-4.jpg","vlgcUSC18u1mj5K5ihrfAw==":"mbr-7.jpg","tTz86reHysGEwhEcX5uwVA==":"mbr-8.jpg","HPvps2PYs2xvCuXnWbZ9Hw==":"mbr-8.jpeg","KF+Wa3qUz9G/nA/BRqWBHw==":"mbr.jpeg","LsH5lvBYKniR4SADVP1NTQ==":"mbr-9.jpeg","xvEZoRtTpRo8PQiyUW4s5Q==":"mbr-10.jpg","IDI+CXQpTCod/TkNrC3CYQ==":"mbr.jpg","X0NkBDGMu+zd4PYMoLSDwA==":"mbr-5.jpg","wX76oSpNBIHut/EW6vVidQ==":"mbr-1.jpeg","kBWcS24dsvzugKxtOJfDkA==":"mbr-10.jpeg","3KkU3Sg4Xj8dy9+n35x2yw==":"2022-01-22-09.37.23.png","5oNQlM88SmUZCbzCm8gtpA==":"2022-01-22-09.37.23-1.png","mCfiERBbEsamhUayf0/weQ==":"mbr-1.png","xnB0ehDgPN5BuXJZkfsuxg==":"mbr-2.png","nxgt1MZd/6Jt0M/9+ubtjg==":"mbr-1.jpg","OgwkU/udn69TjArYqKF/TA==":"2022-01-22-09.37.23-2.png","Pkrbu/HrQV1cT0mGX7gFSw==":"2022-01-22-09.37.23-2-1920x1080.png"}